drug1,class1,drug2,class2,severity,source
dabigatran,anticoagulant_noac,warfarin,anticoagulant_warfarin,3,FDA label (openFDA)
warfarin,anticoagulant_warfarin,aspirin,antiplatelet,1,FDA label (openFDA)
warfarin,anticoagulant_warfarin,clopidogrel,antiplatelet,1,FDA label (openFDA)
warfarin,anticoagulant_warfarin,ibuprofen,NSAID,1,FDA label (openFDA)
naproxen,NSAID,warfarin,anticoagulant_warfarin,3,FDA label (openFDA)
warfarin,anticoagulant_warfarin,diclofenac,NSAID,1,FDA label (openFDA)
warfarin,anticoagulant_warfarin,atorvastatin,statin,1,FDA label (openFDA)
warfarin,anticoagulant_warfarin,amlodipine,calcium_channel_blocker,1,FDA label (openFDA)
warfarin,anticoagulant_warfarin,verapamil,calcium_channel_blocker,1,FDA label (openFDA)
warfarin,anticoagulant_warfarin,diltiazem,calcium_channel_blocker,1,FDA label (openFDA)
fluconazole,antifungal_azole,warfarin,anticoagulant_warfarin,2,FDA label (openFDA)
itraconazole,antifungal_azole,warfarin,anticoagulant_warfarin,4,FDA label (openFDA)
warfarin,anticoagulant_warfarin,ketoconazole,antifungal_azole,1,FDA label (openFDA)
clarithromycin,antibiotic_macrolide,warfarin,anticoagulant_warfarin,3,FDA label (openFDA)
warfarin,anticoagulant_warfarin,erythromycin,antibiotic_macrolide,1,FDA label (openFDA)
warfarin,anticoagulant_warfarin,ciprofloxacin,antibiotic_fluoroquinolone,1,FDA label (openFDA)
ritonavir,antiviral_HIV,warfarin,anticoagulant_warfarin,2,FDA label (openFDA)
lopinavir,antiviral_HIV,warfarin,anticoagulant_warfarin,2,FDA label (openFDA)
warfarin,anticoagulant_warfarin,carbamazepine,antiepileptic_CYP_inducer,1,FDA label (openFDA)
warfarin,anticoagulant_warfarin,phenytoin,antiepileptic_CYP_inducer,1,FDA label (openFDA)
warfarin,anticoagulant_warfarin,cyclosporine,immunosuppressant,1,FDA label (openFDA)
warfarin,anticoagulant_warfarin,sertraline,SSRI,1,FDA label (openFDA)
fluoxetine,SSRI,warfarin,anticoagulant_warfarin,3,FDA label (openFDA)
paroxetine,SSRI,warfarin,anticoagulant_warfarin,3,FDA label (openFDA)
warfarin,anticoagulant_warfarin,venlafaxine,SNRI,1,FDA label (openFDA)
duloxetine,SNRI,warfarin,anticoagulant_warfarin,3,FDA label (openFDA)
warfarin,anticoagulant_warfarin,alprazolam,benzo,1,FDA label (openFDA)
warfarin,anticoagulant_warfarin,omeprazole,PPI,1,FDA label (openFDA)
warfarin,anticoagulant_warfarin,ranitidine,H2_blocker,1,FDA label (openFDA)
warfarin,anticoagulant_warfarin,prednisone,corticosteroid,1,FDA label (openFDA)
rivaroxaban,anticoagulant_noac,warfarin,anticoagulant_warfarin,3,FDA label (openFDA)
rivaroxaban,anticoagulant_noac,aspirin,antiplatelet,3,FDA label (openFDA)
rivaroxaban,anticoagulant_noac,clopidogrel,antiplatelet,3,FDA label (openFDA)
rivaroxaban,anticoagulant_noac,ketoconazole,antifungal_azole,3,FDA label (openFDA)
rivaroxaban,anticoagulant_noac,clarithromycin,antibiotic_macrolide,2,FDA label (openFDA)
rivaroxaban,anticoagulant_noac,erythromycin,antibiotic_macrolide,2,FDA label (openFDA)
rivaroxaban,anticoagulant_noac,ritonavir,antiviral_HIV,3,FDA label (openFDA)
rivaroxaban,anticoagulant_noac,carbamazepine,antiepileptic_CYP_inducer,3,FDA label (openFDA)
rivaroxaban,anticoagulant_noac,phenytoin,antiepileptic_CYP_inducer,3,FDA label (openFDA)
apixaban,anticoagulant_noac,warfarin,anticoagulant_warfarin,3,FDA label (openFDA)
apixaban,anticoagulant_noac,aspirin,antiplatelet,3,FDA label (openFDA)
apixaban,anticoagulant_noac,clopidogrel,antiplatelet,1,FDA label (openFDA)
itraconazole,antifungal_azole,apixaban,anticoagulant_noac,4,FDA label (openFDA)
apixaban,anticoagulant_noac,ketoconazole,antifungal_azole,3,FDA label (openFDA)
apixaban,anticoagulant_noac,clarithromycin,antibiotic_macrolide,3,FDA label (openFDA)
apixaban,anticoagulant_noac,ritonavir,antiviral_HIV,3,FDA label (openFDA)
apixaban,anticoagulant_noac,carbamazepine,antiepileptic_CYP_inducer,3,FDA label (openFDA)
apixaban,anticoagulant_noac,phenytoin,antiepileptic_CYP_inducer,3,FDA label (openFDA)
dabigatran,anticoagulant_noac,ketoconazole,antifungal_azole,3,FDA label (openFDA)
dabigatran,anticoagulant_noac,verapamil,calcium_channel_blocker,1,FDA label (openFDA)
dabigatran,anticoagulant_noac,clarithromycin,antibiotic_macrolide,2,FDA label (openFDA)
clopidogrel,antiplatelet,omeprazole,PPI,3,FDA label (openFDA)
clopidogrel,antiplatelet,morphine,opioid,1,FDA label (openFDA)
clopidogrel,antiplatelet,pantoprazole,PPI,2,FDA label (openFDA)
naproxen,NSAID,aspirin,antiplatelet,4,FDA label (openFDA)
naproxen,NSAID,diclofenac,NSAID,3,FDA label (openFDA)
naproxen,NSAID,digoxin,digoxin,2,FDA label (openFDA)
naproxen,NSAID,furosemide,diuretic_loop,1,FDA label (openFDA)
naproxen,NSAID,cyclosporine,immunosuppressant,2,FDA label (openFDA)
simvastatin,statin,cyclosporine,immunosuppressant,4,FDA label (openFDA)
simvastatin,statin,amlodipine,calcium_channel_blocker,3,FDA label (openFDA)
simvastatin,statin,verapamil,calcium_channel_blocker,4,FDA label (openFDA)
simvastatin,statin,diltiazem,calcium_channel_blocker,4,FDA label (openFDA)
simvastatin,statin,warfarin,anticoagulant_warfarin,1,FDA label (openFDA)
simvastatin,statin,digoxin,digoxin,2,FDA label (openFDA)
itraconazole,antifungal_azole,simvastatin,statin,4,FDA label (openFDA)
simvastatin,statin,ketoconazole,antifungal_azole,3,FDA label (openFDA)
clarithromycin,antibiotic_macrolide,simvastatin,statin,4,FDA label (openFDA)
simvastatin,statin,erythromycin,antibiotic_macrolide,1,FDA label (openFDA)
ritonavir,antiviral_HIV,simvastatin,statin,4,FDA label (openFDA)
ritonavir,antiviral_HIV,atorvastatin,statin,4,FDA label (openFDA)
atorvastatin,statin,cyclosporine,immunosuppressant,3,FDA label (openFDA)
atorvastatin,statin,digoxin,digoxin,2,FDA label (openFDA)
itraconazole,antifungal_azole,atorvastatin,statin,4,FDA label (openFDA)
atorvastatin,statin,ketoconazole,antifungal_azole,1,FDA label (openFDA)
clarithromycin,antibiotic_macrolide,atorvastatin,statin,3,FDA label (openFDA)
atorvastatin,statin,erythromycin,antibiotic_macrolide,2,FDA label (openFDA)
lopinavir,antiviral_HIV,atorvastatin,statin,4,FDA label (openFDA)
lovastatin,statin,itraconazole,antifungal_azole,4,FDA label (openFDA)
lovastatin,statin,ketoconazole,antifungal_azole,4,FDA label (openFDA)
lovastatin,statin,clarithromycin,antibiotic_macrolide,4,FDA label (openFDA)
lovastatin,statin,erythromycin,antibiotic_macrolide,4,FDA label (openFDA)
lovastatin,statin,warfarin,anticoagulant_warfarin,1,FDA label (openFDA)
lovastatin,statin,glipizide,sulfonylurea,1,FDA label (openFDA)
lovastatin,statin,digoxin,digoxin,1,FDA label (openFDA)
lovastatin,statin,verapamil,calcium_channel_blocker,1,FDA label (openFDA)
lovastatin,statin,diltiazem,calcium_channel_blocker,1,FDA label (openFDA)
lovastatin,statin,cyclosporine,immunosuppressant,1,FDA label (openFDA)
metformin,metformin,phenytoin,antiepileptic_CYP_inducer,2,FDA label (openFDA)
fluconazole,antifungal_azole,glipizide,sulfonylurea,4,FDA label (openFDA)
glipizide,sulfonylurea,phenytoin,antiepileptic_CYP_inducer,1,FDA label (openFDA)
insulin glargine,insulin,clozapine,antipsychotic_atypical,1,FDA label (openFDA)
insulin glargine,insulin,olanzapine,antipsychotic_atypical,2,FDA label (openFDA)
insulin glargine,insulin,fluoxetine,SSRI,2,FDA label (openFDA)
levothyroxine,thyroid_hormone,aspirin,antiplatelet,3,FDA label (openFDA)
levothyroxine,thyroid_hormone,furosemide,diuretic_loop,1,FDA label (openFDA)
levothyroxine,thyroid_hormone,carbamazepine,antiepileptic_CYP_inducer,1,FDA label (openFDA)
levothyroxine,thyroid_hormone,phenytoin,antiepileptic_CYP_inducer,1,FDA label (openFDA)
levothyroxine,thyroid_hormone,sertraline,SSRI,2,FDA label (openFDA)
levothyroxine,thyroid_hormone,amitriptyline,TCA,1,FDA label (openFDA)
levothyroxine,thyroid_hormone,dexamethasone,corticosteroid,1,FDA label (openFDA)
digoxin,digoxin,ibuprofen,NSAID,2,FDA label (openFDA)
digoxin,digoxin,diclofenac,NSAID,1,FDA label (openFDA)
digoxin,digoxin,metformin,metformin,2,FDA label (openFDA)
carvedilol,beta_blocker,digoxin,digoxin,3,FDA label (openFDA)
digoxin,digoxin,verapamil,calcium_channel_blocker,1,FDA label (openFDA)
digoxin,digoxin,diltiazem,calcium_channel_blocker,2,FDA label (openFDA)
itraconazole,antifungal_azole,digoxin,digoxin,4,FDA label (openFDA)
digoxin,digoxin,ketoconazole,antifungal_azole,2,FDA label (openFDA)
digoxin,digoxin,clarithromycin,antibiotic_macrolide,2,FDA label (openFDA)
digoxin,digoxin,erythromycin,antibiotic_macrolide,2,FDA label (openFDA)
digoxin,digoxin,gentamicin,antibiotic_aminoglycoside,2,FDA label (openFDA)
ritonavir,antiviral_HIV,digoxin,digoxin,3,FDA label (openFDA)
digoxin,digoxin,phenytoin,antiepileptic_CYP_inducer,2,FDA label (openFDA)
digoxin,digoxin,cyclosporine,immunosuppressant,1,FDA label (openFDA)
digoxin,digoxin,alprazolam,benzo,1,FDA label (openFDA)
digoxin,digoxin,omeprazole,PPI,2,FDA label (openFDA)
lisinopril,ACE_inhibitor,valsartan,ARB,4,FDA label (openFDA)
lisinopril,ACE_inhibitor,hydrochlorothiazide,diuretic_thiazide,4,FDA label (openFDA)
lisinopril,ACE_inhibitor,digoxin,digoxin,3,FDA label (openFDA)
lisinopril,ACE_inhibitor,losartan,ARB,1,FDA label (openFDA)
enalapril,ACE_inhibitor,valsartan,ARB,4,FDA label (openFDA)
enalapril,ACE_inhibitor,digoxin,digoxin,1,FDA label (openFDA)
ramipril,ACE_inhibitor,warfarin,anticoagulant_warfarin,1,FDA label (openFDA)
ramipril,ACE_inhibitor,simvastatin,statin,1,FDA label (openFDA)
ramipril,ACE_inhibitor,digoxin,digoxin,1,FDA label (openFDA)
ramipril,ACE_inhibitor,furosemide,diuretic_loop,1,FDA label (openFDA)
metoprolol,beta_blocker,verapamil,calcium_channel_blocker,1,FDA label (openFDA)
metoprolol,beta_blocker,diltiazem,calcium_channel_blocker,1,FDA label (openFDA)
metoprolol,beta_blocker,fluoxetine,SSRI,1,FDA label (openFDA)
metoprolol,beta_blocker,paroxetine,SSRI,1,FDA label (openFDA)
atenolol,beta_blocker,aspirin,antiplatelet,1,FDA label (openFDA)
carvedilol,beta_blocker,verapamil,calcium_channel_blocker,1,FDA label (openFDA)
carvedilol,beta_blocker,diltiazem,calcium_channel_blocker,1,FDA label (openFDA)
carvedilol,beta_blocker,fluconazole,antifungal_azole,1,FDA label (openFDA)
carvedilol,beta_blocker,cyclosporine,immunosuppressant,3,FDA label (openFDA)
carvedilol,beta_blocker,fluoxetine,SSRI,1,FDA label (openFDA)
carvedilol,beta_blocker,paroxetine,SSRI,1,FDA label (openFDA)
amlodipine,calcium_channel_blocker,cyclosporine,immunosuppressant,2,FDA label (openFDA)
amlodipine,calcium_channel_blocker,tacrolimus,immunosuppressant,2,FDA label (openFDA)
verapamil,calcium_channel_blocker,aspirin,antiplatelet,1,FDA label (openFDA)
verapamil,calcium_channel_blocker,atorvastatin,statin,1,FDA label (openFDA)
verapamil,calcium_channel_blocker,atenolol,beta_blocker,1,FDA label (openFDA)
verapamil,calcium_channel_blocker,erythromycin,antibiotic_macrolide,1,FDA label (openFDA)
verapamil,calcium_channel_blocker,ritonavir,antiviral_HIV,1,FDA label (openFDA)
verapamil,calcium_channel_blocker,carbamazepine,antiepileptic_CYP_inducer,2,FDA label (openFDA)
verapamil,calcium_channel_blocker,cyclosporine,immunosuppressant,1,FDA label (openFDA)
diltiazem,calcium_channel_blocker,carbamazepine,antiepileptic_CYP_inducer,1,FDA label (openFDA)
diltiazem,calcium_channel_blocker,cyclosporine,immunosuppressant,2,FDA label (openFDA)
diltiazem,calcium_channel_blocker,ranitidine,H2_blocker,1,FDA label (openFDA)
furosemide,diuretic_loop,phenytoin,antiepileptic_CYP_inducer,1,FDA label (openFDA)
furosemide,diuretic_loop,cyclosporine,immunosuppressant,2,FDA label (openFDA)
hydrochlorothiazide,diuretic_thiazide,valsartan,ARB,4,FDA label (openFDA)
hydrochlorothiazide,diuretic_thiazide,digoxin,digoxin,3,FDA label (openFDA)
hydrochlorothiazide,diuretic_thiazide,losartan,ARB,1,FDA label (openFDA)
fluconazole,antifungal_azole,erythromycin,antibiotic_macrolide,4,FDA label (openFDA)
fluconazole,antifungal_azole,ibuprofen,NSAID,1,FDA label (openFDA)
fluconazole,antifungal_azole,naproxen,NSAID,2,FDA label (openFDA)
fluconazole,antifungal_azole,diclofenac,NSAID,2,FDA label (openFDA)
fluconazole,antifungal_azole,simvastatin,statin,1,FDA label (openFDA)
fluconazole,antifungal_azole,atorvastatin,statin,1,FDA label (openFDA)
fluconazole,antifungal_azole,losartan,ARB,3,FDA label (openFDA)
fluconazole,antifungal_azole,amlodipine,calcium_channel_blocker,2,FDA label (openFDA)
fluconazole,antifungal_azole,verapamil,calcium_channel_blocker,2,FDA label (openFDA)
fluconazole,antifungal_azole,hydrochlorothiazide,diuretic_thiazide,1,FDA label (openFDA)
fluconazole,antifungal_azole,carbamazepine,antiepileptic_CYP_inducer,2,FDA label (openFDA)
fluconazole,antifungal_azole,phenytoin,antiepileptic_CYP_inducer,2,FDA label (openFDA)
fluconazole,antifungal_azole,cyclosporine,immunosuppressant,2,FDA label (openFDA)
fluconazole,antifungal_azole,tacrolimus,immunosuppressant,2,FDA label (openFDA)
fluconazole,antifungal_azole,amitriptyline,TCA,2,FDA label (openFDA)
fluconazole,antifungal_azole,nortriptyline,TCA,2,FDA label (openFDA)
fluconazole,antifungal_azole,fentanyl,opioid,3,FDA label (openFDA)
fluconazole,antifungal_azole,prednisone,corticosteroid,4,FDA label (openFDA)
itraconazole,antifungal_azole,rivaroxaban,anticoagulant_noac,4,FDA label (openFDA)
itraconazole,antifungal_azole,dabigatran,anticoagulant_noac,4,FDA label (openFDA)
itraconazole,antifungal_azole,verapamil,calcium_channel_blocker,4,FDA label (openFDA)
itraconazole,antifungal_azole,diltiazem,calcium_channel_blocker,4,FDA label (openFDA)
itraconazole,antifungal_azole,ketoconazole,antifungal_azole,1,FDA label (openFDA)
itraconazole,antifungal_azole,clarithromycin,antibiotic_macrolide,2,FDA label (openFDA)
itraconazole,antifungal_azole,erythromycin,antibiotic_macrolide,2,FDA label (openFDA)
itraconazole,antifungal_azole,ciprofloxacin,antibiotic_fluoroquinolone,2,FDA label (openFDA)
itraconazole,antifungal_azole,ritonavir,antiviral_HIV,2,FDA label (openFDA)
itraconazole,antifungal_azole,carbamazepine,antiepileptic_CYP_inducer,2,FDA label (openFDA)
itraconazole,antifungal_azole,phenytoin,antiepileptic_CYP_inducer,1,FDA label (openFDA)
itraconazole,antifungal_azole,cyclosporine,immunosuppressant,2,FDA label (openFDA)
itraconazole,antifungal_azole,tacrolimus,immunosuppressant,4,FDA label (openFDA)
itraconazole,antifungal_azole,haloperidol,antipsychotic_typical,2,FDA label (openFDA)
itraconazole,antifungal_azole,risperidone,antipsychotic_atypical,2,FDA label (openFDA)
itraconazole,antifungal_azole,venlafaxine,SNRI,4,FDA label (openFDA)
itraconazole,antifungal_azole,oxycodone,opioid,4,FDA label (openFDA)
itraconazole,antifungal_azole,fentanyl,opioid,4,FDA label (openFDA)
itraconazole,antifungal_azole,diazepam,benzo,2,FDA label (openFDA)
alprazolam,benzo,itraconazole,antifungal_azole,4,FDA label (openFDA)
itraconazole,antifungal_azole,dexamethasone,corticosteroid,2,FDA label (openFDA)
clarithromycin,antibiotic_macrolide,erythromycin,antibiotic_macrolide,4,FDA label (openFDA)
clarithromycin,antibiotic_macrolide,amlodipine,calcium_channel_blocker,3,FDA label (openFDA)
clarithromycin,antibiotic_macrolide,verapamil,calcium_channel_blocker,3,FDA label (openFDA)
clarithromycin,antibiotic_macrolide,diltiazem,calcium_channel_blocker,3,FDA label (openFDA)
clarithromycin,antibiotic_macrolide,fluconazole,antifungal_azole,4,FDA label (openFDA)
clarithromycin,antibiotic_macrolide,ritonavir,antiviral_HIV,1,FDA label (openFDA)
clarithromycin,antibiotic_macrolide,carbamazepine,antiepileptic_CYP_inducer,2,FDA label (openFDA)
clarithromycin,antibiotic_macrolide,phenytoin,antiepileptic_CYP_inducer,2,FDA label (openFDA)
clarithromycin,antibiotic_macrolide,cyclosporine,immunosuppressant,2,FDA label (openFDA)
tacrolimus,immunosuppressant,clarithromycin,antibiotic_macrolide,3,FDA label (openFDA)
alprazolam,benzo,clarithromycin,antibiotic_macrolide,4,FDA label (openFDA)
clarithromycin,antibiotic_macrolide,omeprazole,PPI,1,FDA label (openFDA)
ciprofloxacin,antibiotic_fluoroquinolone,cyclosporine,immunosuppressant,1,FDA label (openFDA)
levofloxacin,antibiotic_fluoroquinolone,warfarin,anticoagulant_warfarin,2,FDA label (openFDA)
levofloxacin,antibiotic_fluoroquinolone,digoxin,digoxin,1,FDA label (openFDA)
levofloxacin,antibiotic_fluoroquinolone,cyclosporine,immunosuppressant,2,FDA label (openFDA)
gentamicin,antibiotic_aminoglycoside,furosemide,diuretic_loop,3,FDA label (openFDA)
gentamicin,antibiotic_aminoglycoside,amikacin,antibiotic_aminoglycoside,3,FDA label (openFDA)
amikacin,antibiotic_aminoglycoside,furosemide,diuretic_loop,3,FDA label (openFDA)
ritonavir,antiviral_HIV,lovastatin,statin,4,FDA label (openFDA)
ritonavir,antiviral_HIV,lopinavir,antiviral_HIV,4,FDA label (openFDA)
ritonavir,antiviral_HIV,fluconazole,antifungal_azole,1,FDA label (openFDA)
ritonavir,antiviral_HIV,ketoconazole,antifungal_azole,1,FDA label (openFDA)
ritonavir,antiviral_HIV,erythromycin,antibiotic_macrolide,1,FDA label (openFDA)
ritonavir,antiviral_HIV,carbamazepine,antiepileptic_CYP_inducer,3,FDA label (openFDA)
ritonavir,antiviral_HIV,phenytoin,antiepileptic_CYP_inducer,2,FDA label (openFDA)
ritonavir,antiviral_HIV,cyclosporine,immunosuppressant,4,FDA label (openFDA)
ritonavir,antiviral_HIV,tacrolimus,immunosuppressant,4,FDA label (openFDA)
fentanyl,opioid,ritonavir,antiviral_HIV,3,FDA label (openFDA)
ritonavir,antiviral_HIV,omeprazole,PPI,1,FDA label (openFDA)
ritonavir,antiviral_HIV,ranitidine,H2_blocker,1,FDA label (openFDA)
ritonavir,antiviral_HIV,prednisone,corticosteroid,1,FDA label (openFDA)
ritonavir,antiviral_HIV,dexamethasone,corticosteroid,1,FDA label (openFDA)
lopinavir,antiviral_HIV,simvastatin,statin,4,FDA label (openFDA)
lopinavir,antiviral_HIV,lovastatin,statin,4,FDA label (openFDA)
lopinavir,antiviral_HIV,digoxin,digoxin,3,FDA label (openFDA)
lopinavir,antiviral_HIV,rivaroxaban,anticoagulant_noac,2,FDA label (openFDA)
lopinavir,antiviral_HIV,fluconazole,antifungal_azole,1,FDA label (openFDA)
lopinavir,antiviral_HIV,itraconazole,antifungal_azole,1,FDA label (openFDA)
lopinavir,antiviral_HIV,ketoconazole,antifungal_azole,1,FDA label (openFDA)
lopinavir,antiviral_HIV,clarithromycin,antibiotic_macrolide,1,FDA label (openFDA)
lopinavir,antiviral_HIV,erythromycin,antibiotic_macrolide,1,FDA label (openFDA)
lopinavir,antiviral_HIV,carbamazepine,antiepileptic_CYP_inducer,3,FDA label (openFDA)
lopinavir,antiviral_HIV,phenytoin,antiepileptic_CYP_inducer,2,FDA label (openFDA)
lopinavir,antiviral_HIV,cyclosporine,immunosuppressant,4,FDA label (openFDA)
lopinavir,antiviral_HIV,tacrolimus,immunosuppressant,4,FDA label (openFDA)
lopinavir,antiviral_HIV,fentanyl,opioid,2,FDA label (openFDA)
lopinavir,antiviral_HIV,omeprazole,PPI,1,FDA label (openFDA)
lopinavir,antiviral_HIV,ranitidine,H2_blocker,1,FDA label (openFDA)
lopinavir,antiviral_HIV,prednisone,corticosteroid,1,FDA label (openFDA)
lopinavir,antiviral_HIV,dexamethasone,corticosteroid,1,FDA label (openFDA)
carbamazepine,antiepileptic_CYP_inducer,amitriptyline,TCA,4,FDA label (openFDA)
carbamazepine,antiepileptic_CYP_inducer,nortriptyline,TCA,4,FDA label (openFDA)
carbamazepine,antiepileptic_CYP_inducer,phenytoin,antiepileptic_CYP_inducer,3,FDA label (openFDA)
carbamazepine,antiepileptic_CYP_inducer,dabigatran,anticoagulant_noac,2,FDA label (openFDA)
carbamazepine,antiepileptic_CYP_inducer,ibuprofen,NSAID,1,FDA label (openFDA)
carbamazepine,antiepileptic_CYP_inducer,erythromycin,antibiotic_macrolide,1,FDA label (openFDA)
carbamazepine,antiepileptic_CYP_inducer,ciprofloxacin,antibiotic_fluoroquinolone,1,FDA label (openFDA)
valproic acid,antiepileptic_CYP_inhibitor,carbamazepine,antiepileptic_CYP_inducer,3,FDA label (openFDA)
carbamazepine,antiepileptic_CYP_inducer,cyclosporine,immunosuppressant,1,FDA label (openFDA)
carbamazepine,antiepileptic_CYP_inducer,tacrolimus,immunosuppressant,3,FDA label (openFDA)
carbamazepine,antiepileptic_CYP_inducer,haloperidol,antipsychotic_typical,1,FDA label (openFDA)
carbamazepine,antiepileptic_CYP_inducer,clozapine,antipsychotic_atypical,2,FDA label (openFDA)
carbamazepine,antiepileptic_CYP_inducer,olanzapine,antipsychotic_atypical,1,FDA label (openFDA)
carbamazepine,antiepileptic_CYP_inducer,risperidone,antipsychotic_atypical,1,FDA label (openFDA)
carbamazepine,antiepileptic_CYP_inducer,sertraline,SSRI,1,FDA label (openFDA)
carbamazepine,antiepileptic_CYP_inducer,fluoxetine,SSRI,1,FDA label (openFDA)
tramadol,opioid,carbamazepine,antiepileptic_CYP_inducer,3,FDA label (openFDA)
carbamazepine,antiepileptic_CYP_inducer,alprazolam,benzo,2,FDA label (openFDA)
carbamazepine,antiepileptic_CYP_inducer,clonazepam,benzo,2,FDA label (openFDA)
carbamazepine,antiepileptic_CYP_inducer,omeprazole,PPI,1,FDA label (openFDA)
carbamazepine,antiepileptic_CYP_inducer,dexamethasone,corticosteroid,1,FDA label (openFDA)
phenytoin,antiepileptic_CYP_inducer,simvastatin,statin,1,FDA label (openFDA)
phenytoin,antiepileptic_CYP_inducer,atorvastatin,statin,1,FDA label (openFDA)
phenytoin,antiepileptic_CYP_inducer,verapamil,calcium_channel_blocker,1,FDA label (openFDA)
phenytoin,antiepileptic_CYP_inducer,ketoconazole,antifungal_azole,1,FDA label (openFDA)
valproic acid,antiepileptic_CYP_inhibitor,phenytoin,antiepileptic_CYP_inducer,3,FDA label (openFDA)
phenytoin,antiepileptic_CYP_inducer,cyclosporine,immunosuppressant,1,FDA label (openFDA)
phenytoin,antiepileptic_CYP_inducer,clozapine,antipsychotic_atypical,1,FDA label (openFDA)
sertraline,SSRI,phenytoin,antiepileptic_CYP_inducer,2,FDA label (openFDA)
phenytoin,antiepileptic_CYP_inducer,fluoxetine,SSRI,1,FDA label (openFDA)
phenytoin,antiepileptic_CYP_inducer,paroxetine,SSRI,1,FDA label (openFDA)
phenytoin,antiepileptic_CYP_inducer,diazepam,benzo,1,FDA label (openFDA)
phenytoin,antiepileptic_CYP_inducer,omeprazole,PPI,1,FDA label (openFDA)
valproic acid,antiepileptic_CYP_inhibitor,warfarin,anticoagulant_warfarin,1,FDA label (openFDA)
valproic acid,antiepileptic_CYP_inhibitor,aspirin,antiplatelet,2,FDA label (openFDA)
valproic acid,antiepileptic_CYP_inhibitor,ritonavir,antiviral_HIV,1,FDA label (openFDA)
valproic acid,antiepileptic_CYP_inhibitor,haloperidol,antipsychotic_typical,1,FDA label (openFDA)
valproic acid,antiepileptic_CYP_inhibitor,clozapine,antipsychotic_atypical,1,FDA label (openFDA)
valproic acid,antiepileptic_CYP_inhibitor,olanzapine,antipsychotic_atypical,1,FDA label (openFDA)
valproic acid,antiepileptic_CYP_inhibitor,amitriptyline,TCA,1,FDA label (openFDA)
valproic acid,antiepileptic_CYP_inhibitor,nortriptyline,TCA,1,FDA label (openFDA)
valproic acid,antiepileptic_CYP_inhibitor,diazepam,benzo,2,FDA label (openFDA)
valproic acid,antiepileptic_CYP_inhibitor,clonazepam,benzo,1,FDA label (openFDA)
valproic acid,antiepileptic_CYP_inhibitor,ranitidine,H2_blocker,1,FDA label (openFDA)
tacrolimus,immunosuppressant,ketoconazole,antifungal_azole,3,FDA label (openFDA)
tacrolimus,immunosuppressant,verapamil,calcium_channel_blocker,2,FDA label (openFDA)
tacrolimus,immunosuppressant,diltiazem,calcium_channel_blocker,2,FDA label (openFDA)
tacrolimus,immunosuppressant,phenytoin,antiepileptic_CYP_inducer,2,FDA label (openFDA)
tacrolimus,immunosuppressant,cyclosporine,immunosuppressant,2,FDA label (openFDA)
tacrolimus,immunosuppressant,omeprazole,PPI,3,FDA label (openFDA)
tacrolimus,immunosuppressant,prednisone,corticosteroid,2,FDA label (openFDA)
clozapine,antipsychotic_atypical,erythromycin,antibiotic_macrolide,3,FDA label (openFDA)
clozapine,antipsychotic_atypical,tacrolimus,immunosuppressant,3,FDA label (openFDA)
clozapine,antipsychotic_atypical,olanzapine,antipsychotic_atypical,3,FDA label (openFDA)
clozapine,antipsychotic_atypical,ciprofloxacin,antibiotic_fluoroquinolone,1,FDA label (openFDA)
clozapine,antipsychotic_atypical,sertraline,SSRI,2,FDA label (openFDA)
clozapine,antipsychotic_atypical,fluoxetine,SSRI,2,FDA label (openFDA)
clozapine,antipsychotic_atypical,paroxetine,SSRI,2,FDA label (openFDA)
clozapine,antipsychotic_atypical,duloxetine,SNRI,2,FDA label (openFDA)
olanzapine,antipsychotic_atypical,fluoxetine,SSRI,4,FDA label (openFDA)
olanzapine,antipsychotic_atypical,warfarin,anticoagulant_warfarin,1,FDA label (openFDA)
olanzapine,antipsychotic_atypical,diazepam,benzo,1,FDA label (openFDA)
olanzapine,antipsychotic_atypical,omeprazole,PPI,1,FDA label (openFDA)
risperidone,antipsychotic_atypical,furosemide,diuretic_loop,3,FDA label (openFDA)
risperidone,antipsychotic_atypical,digoxin,digoxin,1,FDA label (openFDA)
risperidone,antipsychotic_atypical,erythromycin,antibiotic_macrolide,1,FDA label (openFDA)
risperidone,antipsychotic_atypical,clozapine,antipsychotic_atypical,2,FDA label (openFDA)
risperidone,antipsychotic_atypical,fluoxetine,SSRI,1,FDA label (openFDA)
risperidone,antipsychotic_atypical,paroxetine,SSRI,1,FDA label (openFDA)
risperidone,antipsychotic_atypical,amitriptyline,TCA,1,FDA label (openFDA)
risperidone,antipsychotic_atypical,ranitidine,H2_blocker,1,FDA label (openFDA)
sertraline,SSRI,aspirin,antiplatelet,1,FDA label (openFDA)
sertraline,SSRI,digoxin,digoxin,1,FDA label (openFDA)
sertraline,SSRI,atenolol,beta_blocker,1,FDA label (openFDA)
sertraline,SSRI,fluoxetine,SSRI,1,FDA label (openFDA)
sertraline,SSRI,paroxetine,SSRI,1,FDA label (openFDA)
sertraline,SSRI,diazepam,benzo,1,FDA label (openFDA)
fluoxetine,SSRI,aspirin,antiplatelet,3,FDA label (openFDA)
fluoxetine,SSRI,erythromycin,antibiotic_macrolide,3,FDA label (openFDA)
fluoxetine,SSRI,tacrolimus,immunosuppressant,3,FDA label (openFDA)
fluoxetine,SSRI,tramadol,opioid,3,FDA label (openFDA)
fluoxetine,SSRI,fentanyl,opioid,3,FDA label (openFDA)
fluoxetine,SSRI,ketoconazole,antifungal_azole,1,FDA label (openFDA)
fluoxetine,SSRI,haloperidol,antipsychotic_typical,1,FDA label (openFDA)
fluoxetine,SSRI,diazepam,benzo,2,FDA label (openFDA)
fluoxetine,SSRI,alprazolam,benzo,2,FDA label (openFDA)
paroxetine,SSRI,aspirin,antiplatelet,3,FDA label (openFDA)
paroxetine,SSRI,tramadol,opioid,3,FDA label (openFDA)
paroxetine,SSRI,fentanyl,opioid,3,FDA label (openFDA)
paroxetine,SSRI,clopidogrel,antiplatelet,2,FDA label (openFDA)
paroxetine,SSRI,ritonavir,antiviral_HIV,2,FDA label (openFDA)
paroxetine,SSRI,venlafaxine,SNRI,1,FDA label (openFDA)
venlafaxine,SNRI,aspirin,antiplatelet,1,FDA label (openFDA)
venlafaxine,SNRI,metoprolol,beta_blocker,1,FDA label (openFDA)
venlafaxine,SNRI,ketoconazole,antifungal_azole,1,FDA label (openFDA)
venlafaxine,SNRI,haloperidol,antipsychotic_typical,1,FDA label (openFDA)
venlafaxine,SNRI,risperidone,antipsychotic_atypical,2,FDA label (openFDA)
venlafaxine,SNRI,fluoxetine,SSRI,1,FDA label (openFDA)
venlafaxine,SNRI,diazepam,benzo,2,FDA label (openFDA)
venlafaxine,SNRI,alprazolam,benzo,1,FDA label (openFDA)
duloxetine,SNRI,aspirin,antiplatelet,3,FDA label (openFDA)
duloxetine,SNRI,amitriptyline,TCA,3,FDA label (openFDA)
duloxetine,SNRI,nortriptyline,TCA,3,FDA label (openFDA)
duloxetine,SNRI,tramadol,opioid,3,FDA label (openFDA)
duloxetine,SNRI,fentanyl,opioid,3,FDA label (openFDA)
duloxetine,SNRI,ciprofloxacin,antibiotic_fluoroquinolone,2,FDA label (openFDA)
duloxetine,SNRI,fluoxetine,SSRI,2,FDA label (openFDA)
duloxetine,SNRI,paroxetine,SSRI,2,FDA label (openFDA)
amitriptyline,TCA,sertraline,SSRI,1,FDA label (openFDA)
amitriptyline,TCA,fluoxetine,SSRI,1,FDA label (openFDA)
amitriptyline,TCA,paroxetine,SSRI,1,FDA label (openFDA)
morphine,opioid,verapamil,calcium_channel_blocker,1,FDA label (openFDA)
tramadol,opioid,morphine,opioid,3,FDA label (openFDA)
oxycodone,opioid,ketoconazole,antifungal_azole,3,FDA label (openFDA)
oxycodone,opioid,erythromycin,antibiotic_macrolide,3,FDA label (openFDA)
oxycodone,opioid,ritonavir,antiviral_HIV,3,FDA label (openFDA)
oxycodone,opioid,carbamazepine,antiepileptic_CYP_inducer,3,FDA label (openFDA)
oxycodone,opioid,phenytoin,antiepileptic_CYP_inducer,3,FDA label (openFDA)
oxycodone,opioid,morphine,opioid,3,FDA label (openFDA)
oxycodone,opioid,tramadol,opioid,1,FDA label (openFDA)
tramadol,opioid,ketoconazole,antifungal_azole,3,FDA label (openFDA)
tramadol,opioid,erythromycin,antibiotic_macrolide,3,FDA label (openFDA)
tramadol,opioid,ritonavir,antiviral_HIV,3,FDA label (openFDA)
tramadol,opioid,phenytoin,antiepileptic_CYP_inducer,3,FDA label (openFDA)
tramadol,opioid,warfarin,anticoagulant_warfarin,1,FDA label (openFDA)
tramadol,opioid,digoxin,digoxin,1,FDA label (openFDA)
fentanyl,opioid,ketoconazole,antifungal_azole,3,FDA label (openFDA)
fentanyl,opioid,erythromycin,antibiotic_macrolide,3,FDA label (openFDA)
fentanyl,opioid,carbamazepine,antiepileptic_CYP_inducer,3,FDA label (openFDA)
fentanyl,opioid,phenytoin,antiepileptic_CYP_inducer,3,FDA label (openFDA)
fentanyl,opioid,tramadol,opioid,3,FDA label (openFDA)
fentanyl,opioid,diazepam,benzo,3,FDA label (openFDA)
diazepam,benzo,ketoconazole,antifungal_azole,1,FDA label (openFDA)
diazepam,benzo,omeprazole,PPI,1,FDA label (openFDA)
alprazolam,benzo,ketoconazole,antifungal_azole,4,FDA label (openFDA)
alprazolam,benzo,ritonavir,antiviral_HIV,4,FDA label (openFDA)
alprazolam,benzo,erythromycin,antibiotic_macrolide,2,FDA label (openFDA)
alprazolam,benzo,phenytoin,antiepileptic_CYP_inducer,2,FDA label (openFDA)
alprazolam,benzo,morphine,opioid,2,FDA label (openFDA)
alprazolam,benzo,oxycodone,opioid,2,FDA label (openFDA)
alprazolam,benzo,tramadol,opioid,1,FDA label (openFDA)
alprazolam,benzo,fentanyl,opioid,2,FDA label (openFDA)
clonazepam,benzo,fluconazole,antifungal_azole,1,FDA label (openFDA)
clonazepam,benzo,phenytoin,antiepileptic_CYP_inducer,2,FDA label (openFDA)
clonazepam,benzo,sertraline,SSRI,1,FDA label (openFDA)
clonazepam,benzo,fluoxetine,SSRI,1,FDA label (openFDA)
clonazepam,benzo,ranitidine,H2_blocker,1,FDA label (openFDA)
pantoprazole,PPI,digoxin,digoxin,3,FDA label (openFDA)
pantoprazole,PPI,warfarin,anticoagulant_warfarin,2,FDA label (openFDA)
pantoprazole,PPI,itraconazole,antifungal_azole,1,FDA label (openFDA)
pantoprazole,PPI,ketoconazole,antifungal_azole,1,FDA label (openFDA)
dexamethasone,corticosteroid,warfarin,anticoagulant_warfarin,2,FDA label (openFDA)
dexamethasone,corticosteroid,aspirin,antiplatelet,1,FDA label (openFDA)
dexamethasone,corticosteroid,ketoconazole,antifungal_azole,1,FDA label (openFDA)
dexamethasone,corticosteroid,erythromycin,antibiotic_macrolide,1,FDA label (openFDA)
dexamethasone,corticosteroid,phenytoin,antiepileptic_CYP_inducer,1,FDA label (openFDA)
dexamethasone,corticosteroid,cyclosporine,immunosuppressant,1,FDA label (openFDA)
